"id","replied_to_id","parent_id","thread_id","conversation_id","group_id","group_name","participants","in_private_group","in_private_conversation","sender_id","sender_type","sender_name","sender_email","body","delegate_id","api_url","attachments","deleted_by_id","deleted_by_type","created_at","deleted_at","title","html_body","message_type","gdpr_delete_url"
"1649970121719808","","","1649970121719808","","96468213760","leo test create community","","false","false","925893361664","User","NS SSPM","admin@nskloudless.onmicrosoft.com","test file","","https://www.yammer.com/api/v1/messages/1649970121719808","uploadedfile:1275461951488","","","2022-03-15T04:01:22.065Z","","","test file","normal","https://www.yammer.com/yammer.dev/messages/1649970121719808/hard_delete_confirmation"
"1654257233420288","","","1654257233420288","","96468213760","leo test create community","","false","false","925893361664","User","NS SSPM","admin@nskloudless.onmicrosoft.com","test message","","https://www.yammer.com/api/v1/messages/1654257233420288","","","","2022-03-18T03:00:14.541Z","","","test message","normal","https://www.yammer.com/yammer.dev/messages/1654257233420288/hard_delete_confirmation"
"1654262509101056","","","1654262509101056","","96468213760","leo test create community","","false","false","925893361664","User","NS SSPM","admin@nskloudless.onmicrosoft.com","test file","","https://www.yammer.com/api/v1/messages/1654262509101056","uploadedfile:1279072821248","","","2022-03-18T03:05:29.225Z","","","test file","normal","https://www.yammer.com/yammer.dev/messages/1654262509101056/hard_delete_confirmation"
"1659020943605760","1654262509101056","1654262509101056","1654262509101056","","96468213760","leo test create community","","false","false","925893361664","User","NS SSPM","admin@nskloudless.onmicrosoft.com","A test message in demo","","https://www.yammer.com/api/v1/messages/1659020943605760","","","","2022-03-21T09:52:34.797Z","","","A test message in demo","normal","https://www.yammer.com/yammer.dev/messages/1659020943605760/hard_delete_confirmation"
